<?xml version="1.0" encoding="UTF-8"?>
<jcr:root xmlns:dam="http://www.day.com/dam/1.0" xmlns:cq="http://www.day.com/jcr/cq/1.0" xmlns:jcr="http://www.jcp.org/jcr/1.0" xmlns:mix="http://www.jcp.org/jcr/mix/1.0" xmlns:nt="http://www.jcp.org/jcr/nt/1.0"
    jcr:isCheckedOut="{Boolean}true"
    jcr:mixinTypes="[mix:referenceable,mix:versionable]"
    jcr:primaryType="dam:Asset"
    jcr:uuid="93970ee9-5068-4ffb-bcb2-0872be71f993">
    <jcr:content
        cq:name="cricket-1"
        cq:parentPath="/content/dam/wknd/en/news-feeds"
        jcr:description="test description"
        jcr:lastModified="{Date}2022-08-11T03:07:52.603+02:00"
        jcr:lastModifiedBy="admin"
        jcr:primaryType="dam:AssetContent"
        jcr:title="Cricket 2"
        contentFragment="{Boolean}true"
        lastFragmentSave="{Date}2022-08-11T03:07:52.603+02:00">
        <data
            cq:model="/conf/wknd/settings/dam/cfm/models/new-feed"
            jcr:primaryType="nt:unstructured">
            <master
                jcr:mixinTypes="[cq:Taggable,dam:cfVariationNode]"
                jcr:primaryType="nt:unstructured"
                createddate="{Date}2022-08-11T03:03:41.000+02:00"
                createddate_x0040_LastModified="{Date}2022-08-11T03:04:10.771+02:00"
                description="&lt;p>awesome cricket 2&lt;/p>&#xa;"
                description_x0040_ContentType="text/html"
                description_x0040_LastModified="{Date}2022-08-11T03:04:10.746+02:00"
                title="criket 2"
                title_x0040_LastModified="{Date}2022-08-11T03:04:10.746+02:00"/>
            <cricket_2_-_v
                jcr:mixinTypes="[cq:Taggable,dam:cfVariationNode]"
                jcr:primaryType="nt:unstructured"
                _x0040_variationCreationDate="{Date}2022-08-11T03:07:07.256+02:00"
                createddate="{Date}2022-08-11T03:04:41.000+02:00"
                createddate_x0040_LastModified="{Date}2022-08-11T03:07:52.584+02:00"
                description="&lt;p>awesome cricket 2 variation&lt;/p>&#xa;"
                description_x0040_ContentType="text/html"
                description_x0040_LastModified="{Date}2022-08-11T03:07:52.584+02:00"
                title="criket 2 "
                title_x0040_LastModified="{Date}2022-08-11T03:07:52.583+02:00"/>
        </data>
        <metadata
            jcr:mixinTypes="[cq:Taggable]"
            jcr:primaryType="nt:unstructured"/>
        <model jcr:primaryType="nt:unstructured">
            <variations jcr:primaryType="nt:unstructured">
                <cricket_2_-_v
                    jcr:description=""
                    jcr:mixinTypes="[cq:Taggable]"
                    jcr:primaryType="nt:unstructured"
                    jcr:title="cricket 2 - v"
                    name="cricket_2_-_v">
                    <properties
                        jcr:primaryType="nt:unstructured"
                        synchronizeWithVersion="[title:3976a4cd-9993-480a-a06e-f56818574ef5,description:3976a4cd-9993-480a-a06e-f56818574ef5,createddate:3976a4cd-9993-480a-a06e-f56818574ef5]"/>
                </cricket_2_-_v>
            </variations>
        </model>
        <related jcr:primaryType="nt:unstructured"/>
    </jcr:content>
</jcr:root>
