<?xml version="1.0" encoding="UTF-8"?>
<jcr:root xmlns:sling="http://sling.apache.org/jcr/sling/1.0" xmlns:granite="http://www.adobe.com/jcr/granite/1.0" xmlns:cq="http://www.day.com/jcr/cq/1.0" xmlns:jcr="http://www.jcp.org/jcr/1.0" xmlns:nt="http://www.jcp.org/jcr/nt/1.0"
    jcr:primaryType="cq:Template"
    allowedPaths="[/content/entities(/.*)?]"
    ranking="{Long}100">
    <jcr:content
        cq:lastModified="{Date}2022-08-11T03:02:51.100+02:00"
        cq:lastModifiedBy="admin"
        cq:scaffolding="/conf/wknd/settings/dam/cfm/models/new-feed/jcr:content/model"
        cq:templateType="/libs/settings/dam/cfm/model-types/fragment"
        jcr:primaryType="cq:PageContent"
        jcr:title="News Feed"
        sling:resourceSuperType="dam/cfm/models/console/components/data/entity"
        sling:resourceType="dam/cfm/models/console/components/data/entity/default"
        publishCacheBrowser="60"
        publishCacheCDN="7200"
        status="enabled">
        <metadata jcr:primaryType="nt:unstructured">
            <graphQL
                jcr:primaryType="nt:unstructured"
                apiName="NewsFeedModel"
                queryFieldMultiple="newsFeedList"
                queryFieldSingle="newsFeedByPath"/>
        </metadata>
        <model
            cq:targetPath="/content/entities"
            jcr:primaryType="cq:PageContent"
            sling:resourceType="wcm/scaffolding/components/scaffolding"
            dataTypesConfig="/mnt/overlay/settings/dam/cfm/models/formbuilderconfig/datatypes"
            maxGeneratedOrder="20">
            <cq:dialog
                jcr:primaryType="nt:unstructured"
                sling:resourceType="cq/gui/components/authoring/dialog">
                <content
                    jcr:lastModified="{Date}2022-08-11T03:02:51.100+02:00"
                    jcr:lastModifiedBy="admin"
                    jcr:primaryType="nt:unstructured"
                    sling:resourceType="granite/ui/components/coral/foundation/fixedcolumns">
                    <items
                        jcr:primaryType="nt:unstructured"
                        maxGeneratedOrder="21">
                        <_x0031_660175307829
                            jcr:primaryType="nt:unstructured"
                            sling:resourceType="granite/ui/components/coral/foundation/form/textfield"
                            emptyText="enter title "
                            fieldLabel="Title"
                            listOrder="1"
                            maxlength="255"
                            metaType="text-single"
                            name="title"
                            renderReadOnly="false"
                            showEmptyInReadOnly="true"
                            valueType="string">
                            <granite:data jcr:primaryType="nt:unstructured"/>
                        </_x0031_660175307829>
                        <_x0031_660175348373
                            jcr:primaryType="nt:unstructured"
                            sling:resourceType="dam/cfm/admin/components/authoring/contenteditor/multieditor"
                            cfm-element="Description"
                            checked="false"
                            default-mime-type="text/html"
                            listOrder="2"
                            metaType="text-multi"
                            name="description"
                            renderReadOnly="false"
                            showEmptyInReadOnly="true"
                            valueType="string/multiline"/>
                        <_x0031_660179596707
                            jcr:primaryType="nt:unstructured"
                            sling:resourceType="dam/cfm/models/editor/components/datatypes/datepicker"
                            displayedFormat="YYYY-MM-DD HH:mm"
                            emptyText="YYYY-MM-DD HH:mm"
                            fieldLabel="createddate"
                            listOrder="21"
                            metaType="date"
                            name="createddate"
                            renderReadOnly="false"
                            required="on"
                            showEmptyInReadOnly="true"
                            type="[datetime,datetime]"
                            valueFormat="YYYY-MM-DD[T]HH:mm:ss.000Z"
                            valueType="calendar/datetime">
                            <granite:data
                                jcr:primaryType="nt:unstructured"
                                typeHint="Date"/>
                        </_x0031_660179596707>
                    </items>
                </content>
            </cq:dialog>
        </model>
    </jcr:content>
</jcr:root>
