<?xml version="1.0" encoding="UTF-8"?>
<jcr:root xmlns:sling="http://sling.apache.org/jcr/sling/1.0" xmlns:cq="http://www.day.com/jcr/cq/1.0" xmlns:jcr="http://www.jcp.org/jcr/1.0" xmlns:nt="http://www.jcp.org/jcr/nt/1.0"
    jcr:primaryType="cq:Page">
    <jcr:content jcr:primaryType="nt:unstructured"/>
    <adventures-all
        jcr:primaryType="nt:unstructured"
        sling:resourceType="graphql/persistent/query">
        <jcr:content
            jcr:data="{Binary}"
            jcr:lastModified="{Date}2022-05-31T20:25:03.605-07:00"
            jcr:mimeType="text/html"
            jcr:primaryType="nt:unstructured"
            sling:resourceType="graphql/persistent/query/content"/>
    </adventures-all>
    <adventure-by-path
        jcr:created="{Date}2022-05-31T19:57:18.783-07:00"
        jcr:primaryType="nt:unstructured"
        sling:resourceType="graphql/persistent/query">
        <jcr:content
            jcr:data="{Binary}"
            jcr:lastModified="{Date}2022-05-31T19:58:29.071-07:00"
            jcr:mimeType="text/html"
            jcr:primaryType="nt:unstructured"
            sling:resourceType="graphql/persistent/query/content"/>
    </adventure-by-path>
    <adventure-by-slug
        jcr:created="{Date}2022-05-31T20:01:36.006-07:00"
        jcr:primaryType="nt:unstructured"
        sling:resourceType="graphql/persistent/query">
        <jcr:content
            jcr:data="{Binary}"
            jcr:mimeType="text/html"
            jcr:primaryType="nt:unstructured"
            sling:resourceType="graphql/persistent/query/content"/>
    </adventure-by-slug>
    <adventure-by-price
        jcr:created="{Date}2022-05-31T20:28:22.528-07:00"
        jcr:primaryType="nt:unstructured"
        sling:resourceType="graphql/persistent/query">
        <jcr:content
            jcr:data="{Binary}"
            jcr:lastModified="{Date}2022-05-31T20:34:55.625-07:00"
            jcr:mimeType="text/html"
            jcr:primaryType="nt:unstructured"
            sling:resourceType="graphql/persistent/query/content"/>
    </adventure-by-price>
    <adventures-by-activity
        jcr:created="{Date}2022-06-01T10:43:38.015-07:00"
        jcr:primaryType="nt:unstructured"
        sling:resourceType="graphql/persistent/query">
        <jcr:content
            jcr:data="{Binary}"
            jcr:lastModified="{Date}2022-06-01T10:55:20.003-07:00"
            jcr:mimeType="text/html"
            jcr:primaryType="nt:unstructured"
            sling:resourceType="graphql/persistent/query/content"/>
    </adventures-by-activity>
    <articles-all
        jcr:created="{Date}2022-05-31T20:05:38.772-07:00"
        jcr:primaryType="nt:unstructured"
        sling:resourceType="graphql/persistent/query">
        <jcr:content
            jcr:data="{Binary}"
            jcr:lastModified="{Date}2022-06-01T10:40:08.721-07:00"
            jcr:mimeType="text/html"
            jcr:primaryType="nt:unstructured"
            sling:resourceType="graphql/persistent/query/content"/>
    </articles-all>
    <article-by-path
        jcr:created="{Date}2022-05-31T20:08:02.533-07:00"
        jcr:primaryType="nt:unstructured"
        sling:resourceType="graphql/persistent/query">
        <jcr:content
            jcr:data="{Binary}"
            jcr:lastModified="{Date}2022-05-31T20:09:58.101-07:00"
            jcr:mimeType="text/html"
            jcr:primaryType="nt:unstructured"
            sling:resourceType="graphql/persistent/query/content"/>
    </article-by-path>
    <article-by-author
        jcr:created="{Date}2022-05-31T20:12:57.139-07:00"
        jcr:primaryType="nt:unstructured"
        sling:resourceType="graphql/persistent/query">
        <jcr:content
            jcr:data="{Binary}"
            jcr:lastModified="{Date}2022-05-31T20:17:41.214-07:00"
            jcr:mimeType="text/html"
            jcr:primaryType="nt:unstructured"
            sling:resourceType="graphql/persistent/query/content"/>
    </article-by-author>
    <article-by-slug
        jcr:created="{Date}2022-06-01T10:36:25.276-07:00"
        jcr:primaryType="nt:unstructured"
        sling:resourceType="graphql/persistent/query">
        <jcr:content
            jcr:data="{Binary}"
            jcr:lastModified="{Date}2022-06-01T10:38:35.838-07:00"
            jcr:mimeType="text/html"
            jcr:primaryType="nt:unstructured"
            sling:resourceType="graphql/persistent/query/content"/>
    </article-by-slug>
    <news-feed
        jcr:created="{Date}2022-08-11T03:43:18.356+02:00"
        jcr:primaryType="nt:unstructured"
        sling:resourceType="graphql/persistent/query">
        <jcr:content
            jcr:data="{Binary}"
            jcr:lastModified="{Date}2022-08-11T03:46:02.077+02:00"
            jcr:mimeType="text/html"
            jcr:primaryType="nt:unstructured"
            sling:resourceType="graphql/persistent/query/content"
            cache-control="[max-age=300]"/>
    </news-feed>
</jcr:root>
